Pregnancies,Glucose,BloodPressure,SkinThickness,Insulin,BMI,DiabetesPedigreeFunction,Age,Outcome
11,138.0,76.0,29.0,125.0,33.2,0.42,35,0
1,119.0,88.0,41.0,170.0,45.3,0.507,26,0
4,146.0,78.0,29.0,125.0,38.5,0.52,67,1
3,171.0,72.0,33.0,135.0,33.3,0.199,24,1
6,144.0,72.0,27.0,228.0,33.9,0.255,40,0
3,83.0,58.0,31.0,18.0,34.3,0.336,25,0
4,142.0,86.0,29.0,125.0,44.0,0.645,22,1
2,144.0,58.0,33.0,135.0,31.6,0.422,25,1
0,104.0,64.0,23.0,116.0,27.8,0.454,23,0
1,139.0,46.0,19.0,83.0,28.7,0.654,22,0
12,140.0,82.0,43.0,325.0,39.2,0.528,58,1
11,135.0,72.0,29.0,125.0,52.3,0.578,40,1
0,180.0,90.0,26.0,90.0,36.5,0.314,35,1
1,105.0,58.0,29.0,125.0,24.3,0.187,21,0
2,106.0,64.0,35.0,119.0,30.5,1.4,34,0
4,90.0,88.0,47.0,54.0,37.7,0.362,29,0
2,141.0,58.0,34.0,128.0,25.4,0.699,24,0
0,108.0,68.0,20.0,125.0,27.3,0.787,32,0
1,199.0,76.0,43.0,125.0,42.9,1.394,22,1
5,126.0,78.0,27.0,22.0,29.6,0.439,40,0
4,131.0,68.0,21.0,166.0,33.1,0.16,28,0
5,115.0,76.0,29.0,125.0,31.2,0.343,44,1
5,143.0,78.0,29.0,125.0,45.0,0.19,47,0
0,129.0,110.0,46.0,130.0,67.1,0.319,26,1
11,138.0,74.0,26.0,144.0,36.1,0.557,50,1
0,104.0,64.0,37.0,64.0,33.6,0.51,22,1
0,137.0,40.0,35.0,168.0,43.1,2.288,33,1
1,172.0,68.0,49.0,579.0,42.4,0.702,28,1
8,74.0,70.0,40.0,49.0,35.3,0.705,39,0
0,139.0,62.0,17.0,210.0,22.1,0.207,21,0
2,90.0,70.0,17.0,125.0,27.3,0.085,22,0
4,112.0,78.0,40.0,125.0,39.4,0.236,38,0
4,144.0,58.0,28.0,140.0,29.5,0.287,37,0
4,117.0,62.0,12.0,125.0,29.7,0.38,30,1
7,103.0,66.0,32.0,125.0,39.1,0.344,31,1
6,129.0,90.0,7.0,326.0,19.6,0.582,60,0
0,127.0,80.0,37.0,210.0,36.3,0.804,23,0
1,87.0,78.0,27.0,32.0,34.6,0.101,22,0
8,109.0,76.0,39.0,114.0,27.9,0.64,31,1
1,100.0,66.0,15.0,56.0,23.6,0.666,26,0
1,96.0,122.0,29.0,125.0,22.4,0.207,27,0
1,116.0,78.0,29.0,180.0,36.1,0.496,25,0
3,141.0,72.0,29.0,125.0,30.0,0.761,27,1
2,88.0,58.0,26.0,16.0,28.4,0.766,22,0
5,117.0,80.0,32.0,125.0,41.0,0.346,37,1
5,103.0,108.0,37.0,125.0,39.2,0.305,65,0
6,105.0,80.0,28.0,125.0,32.5,0.878,26,0
2,119.0,72.0,29.0,125.0,19.6,0.832,72,0
3,87.0,60.0,18.0,125.0,21.8,0.444,21,0
1,173.0,74.0,29.0,125.0,36.8,0.088,38,1
13,158.0,114.0,29.0,125.0,42.3,0.257,44,1
6,87.0,80.0,29.0,125.0,23.2,0.084,32,0
0,126.0,84.0,29.0,215.0,30.7,0.52,24,0
8,179.0,72.0,42.0,130.0,32.7,0.719,36,1
1,111.0,86.0,19.0,125.0,30.1,0.143,23,0
5,136.0,82.0,29.0,125.0,32.4,0.64,69,0
13,145.0,82.0,19.0,110.0,22.2,0.245,57,0
0,123.0,72.0,29.0,125.0,36.3,0.258,52,1
13,153.0,88.0,37.0,140.0,40.6,1.174,39,0
2,110.0,74.0,29.0,125.0,32.4,0.698,27,0
3,162.0,52.0,38.0,125.0,37.2,0.652,24,1
6,190.0,92.0,29.0,125.0,35.5,0.278,66,1
0,93.0,60.0,25.0,92.0,28.7,0.532,22,0
1,100.0,74.0,12.0,46.0,19.5,0.149,28,0
4,136.0,70.0,29.0,125.0,31.2,1.182,22,1
1,106.0,76.0,29.0,125.0,37.5,0.197,26,0
2,114.0,68.0,22.0,125.0,28.7,0.092,25,0
5,106.0,82.0,30.0,125.0,39.5,0.286,38,0
1,101.0,50.0,15.0,36.0,24.2,0.526,26,0
1,122.0,64.0,32.0,156.0,35.1,0.692,30,1
10,94.0,72.0,18.0,125.0,23.1,0.595,56,0
1,82.0,64.0,13.0,95.0,21.2,0.415,23,0
5,137.0,108.0,29.0,125.0,48.8,0.227,37,1
1,71.0,62.0,29.0,125.0,21.8,0.416,26,0
4,197.0,70.0,39.0,744.0,36.7,2.329,31,0
2,118.0,80.0,29.0,125.0,42.9,0.693,21,1
5,147.0,78.0,29.0,125.0,33.7,0.218,65,0
5,108.0,72.0,43.0,75.0,36.1,0.263,33,0
3,187.0,70.0,22.0,200.0,36.4,0.408,36,1
2,128.0,78.0,37.0,182.0,43.3,1.224,31,1
0,105.0,68.0,22.0,125.0,20.0,0.236,22,0
1,109.0,56.0,21.0,135.0,25.2,0.833,23,0
1,73.0,50.0,10.0,125.0,23.0,0.248,21,0
3,170.0,64.0,37.0,225.0,34.5,0.356,30,1
7,102.0,74.0,40.0,105.0,37.2,0.204,45,0
3,103.0,72.0,30.0,152.0,27.6,0.73,27,0
8,120.0,78.0,29.0,125.0,25.0,0.409,64,0
5,95.0,72.0,33.0,125.0,37.7,0.37,27,0
1,85.0,66.0,29.0,125.0,26.6,0.351,31,0
2,117.0,90.0,19.0,71.0,25.2,0.313,21,0
1,99.0,72.0,30.0,18.0,38.6,0.412,21,0
3,158.0,76.0,36.0,245.0,31.6,0.851,28,1
1,95.0,66.0,13.0,38.0,19.6,0.334,25,0
1,97.0,68.0,21.0,125.0,27.2,1.095,22,0
3,115.0,66.0,39.0,140.0,38.1,0.15,28,0
10,122.0,68.0,29.0,125.0,31.2,0.258,41,0
0,131.0,66.0,40.0,125.0,34.3,0.196,22,1
6,162.0,62.0,29.0,125.0,24.3,0.178,50,1
2,92.0,52.0,29.0,125.0,30.1,0.141,22,0
8,95.0,72.0,29.0,125.0,36.8,0.485,57,0
